image_id,iteration,caption,similarity_to_original,similarity_to_previous,bert_f1,jaccard,length_ratio,word_retention,error
1,1,"The image depicts a cozy living room with a dining table in the center. The table is surrounded by several chairs, with some placed closer to the table and others further away. A woman is standing near the table, possibly preparing to sit down.

In the room, there is a TV mounted on the wall, and a clock can be seen hanging on the wall as well. A potted plant is placed near the table, adding a touch of greenery to the space. A refrigerator is also visible in the background, indicating that the living room is part of a larger kitchen area.",1.0,1.0,0.9999999403953552,1.0,1.0,1.0,
1,2,"The image is a cartoon-like drawing of a woman sitting at a dining table in a cozy living room. She is surrounded by various potted plants, with one on the left side of the room, another on the right side, and a third one in the foreground. There are also two chairs in the room, one near the woman and another one further away.

On the dining table, there are two cups, a bowl, and a cell phone. A vase can be seen on the table as well. The room also features a TV mounted on the wall, and a clock is visible on the wall above the TV.",0.8333634734153748,0.8333634734153748,0.915482759475708,0.4,0.9834558823529411,0.46808510638297873,
1,3,"The image is a black and white drawing of a woman sitting at a dining table in a room filled with various potted plants. The woman is positioned in the center of the scene, with the dining table placed in front of her. 

There are several potted plants surrounding the room, with some placed near the woman and others scattered throughout the space. The room also features a chair on the left side of the table and a bowl placed on the table. The overall atmosphere of the drawing is cozy and inviting.",0.7812668085098267,0.8719646334648132,0.9029969573020935,0.2823529411764706,0.9227941176470589,0.3617021276595745,
2,1,The image features a large brown bear sitting on a grassy field. The bear appears to be relaxed and enjoying the outdoors. The grassy area surrounding the bear provides a natural setting for the scene.,1.0,1.0,1.0,1.0,1.0,1.0,
2,2,"The image features a large brown bear sitting in a grassy field, surrounded by a lush green landscape. The bear appears to be relaxed and enjoying the serene environment. The field is situated near a body of water, which adds to the picturesque setting. The bear's size and presence in the scene create a sense of awe and appreciation for the beauty of nature.",0.9272361993789673,0.9272361993789673,0.9413827061653137,0.37254901960784315,1.791044776119403,0.7222222222222222,
2,3,"The image features a large brown bear sitting on a grassy hillside near a body of water. The bear appears to be relaxing and enjoying the scenic view of the lake and the surrounding mountains. The bear is positioned in the center of the scene, with the water and mountains in the background.",0.850984513759613,0.8746535181999207,0.9394468665122986,0.4146341463414634,1.4477611940298507,0.6111111111111112,
3,1,"The image features a cozy bedroom with a large bed situated in the center of the room. The bed is covered with a blue comforter, and there is a mirror on the left side of the room. A window is present in the room, allowing natural light to enter.

The room is filled with various books, some of which are placed on the bed, while others are scattered throughout the space. There are also a few potted plants in the room, adding a touch of greenery to the environment. A chair can be seen near the bed, and a vase is placed on a surface in the room.",1.0,1.0,1.0,1.0,1.0,1.0,
3,2,"The image depicts a cozy bedroom with a large bed situated in the center of the room. The bed is adorned with a blue comforter, and there are several books scattered around the room, indicating a love for reading. 

In addition to the bed, there is a chair located near the right side of the room. A dining table can be seen in the background, and a clock is mounted on the wall. The room also features a window, allowing natural light to enter the space.",0.903594434261322,0.903594434261322,0.9347608685493469,0.49333333333333335,0.8302919708029197,0.5555555555555556,
3,3,"The image features a cozy bedroom with a large bed situated in the center of the room. The bed is covered with a blue comforter, and there are several books scattered around the room, indicating a love for reading. 

In addition to the bed, there is a chair located near the left side of the room. A potted plant can be seen on the left side of the room, adding a touch of greenery to the space. A clock is mounted on the wall, and a vase is placed on a surface in the room. The overall atmosphere of the room is inviting and comfortable.",0.9379010200500488,0.948523223400116,0.947618842124939,0.5405405405405406,0.9817518248175182,0.6222222222222222,
4,1,"The image features a stop sign with the word ""dolls"" written on it, located at an intersection. The stop sign is positioned on a pole, and there is a truck parked nearby. The scene also includes a few cars and a bus, with one car parked closer to the left side of the image and another car further back on the right side. The bus is situated in the middle of the scene, closer to the center.",1.0,1.0,1.0,1.0,1.0,1.0,
4,2,"The image depicts a busy city street with a red bus driving down the road. The bus is positioned in the middle of the scene, and there are several cars around it, including one on the left side, one on the right side, and another further back.

There are numerous people walking along the street, with some closer to the bus and others further away. A few pedestrians are carrying handbags, with one handbag visible near the center of the scene and another closer to the right side.

Additionally, there are two traffic lights in the scene, one on the left side and another on the right side, ensuring the safe flow of traffic in the bustling city environment.",0.6032770276069641,0.6032770276069641,0.9002529382705688,0.34177215189873417,1.6879795396419437,0.5,
4,3,"The image depicts a busy city street filled with traffic, including a red double-decker bus driving down the road. There are several other buses and cars on the street, contributing to the bustling atmosphere.

Numerous people can be seen walking along the sidewalk, with some carrying handbags. The crowd is dispersed throughout the scene, with some individuals closer to the foreground and others further back. The overall scene captures the essence of a lively urban environment.",0.5857709050178528,0.859585702419281,0.8828299641609192,0.18181818181818182,1.2327365728900255,0.26666666666666666,
5,1,"The image features a group of teddy bears sitting on a bed. There are five teddy bears in total, with some of them positioned closer to the foreground and others further back. The teddy bears are arranged in a way that they appear to be interacting with each other, creating a sense of companionship. The scene is warm and inviting, showcasing the comforting presence of these stuffed animals.",1.0,1.0,1.0,1.0,1.0,1.0,
5,2,"The image features a bed with a white comforter, on which four teddy bears are placed. The teddy bears are of various sizes and are positioned in different areas of the bed. One teddy bear is located on the left side of the bed, another is in the middle, and the third one is on the right side. The fourth teddy bear is situated at the top right corner of the bed. The arrangement of the teddy bears creates a cozy and inviting atmosphere.",0.7802422046661377,0.7802422046661377,0.9021450281143188,0.21052631578947367,1.1170483460559797,0.1891891891891892,
5,3,"The image features a cozy bedroom scene with a large bed taking up most of the space. On the bed, there are several teddy bears of various sizes, creating a warm and inviting atmosphere. Some of the teddy bears are placed on the bed, while others are sitting or lying on the floor around the bed.

In addition to the teddy bears, there are two vases in the room, one located near the left side of the bed and the other near the right side. A potted plant can be seen in the background, adding a touch of greenery to the room.",0.8089471459388733,0.7663722634315491,0.9014452695846558,0.2857142857142857,1.3358778625954197,0.3783783783783784,
6,1,"The image features a woman wearing a red jacket and skiing down a snow-covered slope. She is holding ski poles in her hands, maintaining her balance and control as she glides down the hill. The woman appears to be enjoying her time on the slopes, surrounded by the beautiful winter landscape.",1.0,1.0,1.0,1.0,1.0,1.0,
6,2,"The image features a woman wearing a red jacket and skiing down a snow-covered slope. She is skiing with a smile on her face, enjoying the activity. The woman is equipped with skis and ski poles, which she uses to navigate the slope.

In the background, there are mountains visible, adding to the picturesque winter scene. The woman appears to be the main focus of the image, showcasing her skiing skills and the beauty of the snowy landscape.",0.9183268547058105,0.9183268547058105,0.935223400592804,0.421875,1.5171232876712328,0.5769230769230769,
6,3,"The image features a woman wearing a red jacket and skiing down a snow-covered slope. She is smiling and appears to be enjoying her time on the mountain. The woman is equipped with skis, which are visible beneath her as she glides down the hill.

In the background, there are mountains that provide a beautiful and serene backdrop for the skiing adventure. The scene captures the essence of winter sports and outdoor activities.",0.9135059118270874,0.9669649600982666,0.93879634141922,0.4461538461538462,1.4657534246575343,0.6538461538461539,
7,1,"The image depicts a small kitchen with a white refrigerator on the right side and a white stove on the left side. The kitchen is equipped with wooden cabinets and a microwave above the stove. There is also a sink in the kitchen area.

In addition to the main appliances, there are a few other items in the kitchen. A bottle can be seen on the countertop, and a cup is placed nearby. A bowl is also present in the scene, likely used for food preparation or serving.",1.0,1.0,0.9999999403953552,1.0,1.0,1.0,
7,2,"The image depicts a small, clean kitchen with white appliances and wooden cabinets. The kitchen features a white stove top oven, a sink, and a refrigerator on the left side. There is also a microwave placed above the stove.

Various kitchen items can be seen, such as a bowl, a spoon, and a knife. The bowl is located near the sink, while the spoon and knife are placed on the countertop. The kitchen appears to be well-organized and ready for use.",0.9305153489112854,0.9305153489112854,0.9217483997344971,0.4782608695652174,0.9655172413793104,0.6052631578947368,
7,3,"The image depicts a small, old-fashioned kitchen with white appliances and wooden cabinets. The kitchen features a white refrigerator on the right side, a white stove top oven in the middle, and a microwave above the oven. There is also a sink located towards the right side of the kitchen.

Various items can be seen throughout the kitchen, including a bowl placed on the countertop, a cup near the sink, and a bottle on the counter. Additionally, there are two spoons, one near the sink and the other closer to the refrigerator.",0.9472341537475586,0.9299578070640564,0.923255443572998,0.5070422535211268,1.1422413793103448,0.6578947368421053,
8,1,"The image captures a baseball game in progress, with two men playing the game. One of the men is wearing a baseball glove, ready to catch the ball. The other man is running towards the base, likely trying to reach it before the ball arrives.

The scene takes place on a baseball field, with a bench visible in the background. The players are focused on the game, and their actions demonstrate the intensity and excitement of the sport.",1.0000001192092896,1.0,0.9999999403953552,1.0,1.0,1.0,
8,2,"The image is a black and white photograph of a baseball game in progress. The main focus is on a baseball player who is in the middle of throwing a pitch. The pitcher is wearing a baseball glove, and the ball is visible in the air.

There are several other people in the scene, including teammates and opponents, scattered around the field. Some of them are standing closer to the pitcher, while others are positioned further away. The photograph captures the excitement and action of the baseball game.",0.8121161460876465,0.8121161460876465,0.9095008373260498,0.275,1.1563218390804597,0.3611111111111111,
8,3,"The image is a black and white photograph of a baseball game in progress. A pitcher is in the middle of throwing a pitch, with his baseball glove visible in the scene. The pitcher is surrounded by several other players, some of whom are wearing baseball gloves as well.

In total, there are 13 people in the scene, including the pitcher. Some of them are standing closer to the pitcher, while others are positioned further away. The players are spread out across the field, with some closer to the foreground and others near the background. The atmosphere of the game is evident in the photograph, capturing the excitement and action of the sport.",0.7872228026390076,0.9431993365287781,0.9007725119590759,0.26136363636363635,1.4873563218390804,0.4166666666666667,
9,1,"The image captures a tennis match in progress, with a man in a white shirt and white shorts playing the game. He is holding a tennis racket and appears to be in the middle of a swing. The tennis ball is in the air, close to the player.

There are several other people in the scene, likely spectators or fellow players. Some of them are standing near the tennis court, while others are positioned further away. The presence of multiple people suggests that this is a popular event or a well-attended match.",1.0,1.0,1.0,1.0,1.0,1.0,
9,2,"The image captures a tennis match in progress, with a man in a white shirt and shorts playing the game. He is holding a tennis racket and appears to be in the middle of a swing, possibly preparing to hit the tennis ball that is visible in the scene.

There are several other people in the scene, likely spectators or fellow players. Some of them are standing close to the tennis court, while others are positioned further away. A chair can be seen near the center of the scene, possibly for resting or observing the match.",0.9494834542274475,0.9494834542274475,0.9616115689277649,0.704225352112676,1.0336633663366337,0.8085106382978723,
9,3,"The image captures a tennis match in progress, with a man in a white shirt and white shorts playing the game. He is holding a tennis racket and appears to be in the middle of a swing. The tennis court is filled with spectators, including people standing and sitting around the court.

There are several chairs placed around the court, with some of them occupied by the audience. The crowd is engaged in watching the match, creating an atmosphere of excitement and anticipation.",0.946056067943573,0.9485931396484375,0.9363172650337219,0.45454545454545453,0.9445544554455445,0.5106382978723404,
10,1,"The image features a group of young people, both boys and girls, standing together on a tennis court. They are all wearing tennis attire and are posing for a photo. There are several tennis rackets visible in the scene, with some held by the players and others placed on the ground.

In addition to the tennis rackets, there are a few backpacks scattered around the court, likely belonging to the players. The group appears to be enjoying their time together, possibly participating in a tennis event or practice session.",1.0000001192092896,1.0,1.0,1.0,1.0,1.0,
10,2,"The image features a group of young tennis players posing for a photo on a tennis court. There are a total of 14 people in the group, all dressed in tennis attire. They are standing and sitting in various positions, with some players closer to the front and others further back.

There are two tennis rackets visible in the scene, one located near the left side of the group and the other towards the right side. The players are all smiling and appear to be enjoying their time together on the court.",0.9259105324745178,0.9259105324745178,0.9284389615058899,0.4430379746835443,0.9596928982725528,0.5454545454545454,
10,3,"The image features a group of young tennis players posing for a team photo on a tennis court. There are 13 people in total, all dressed in white tennis outfits, standing in front of a tennis net. They are arranged in a semi-circle, with some players standing closer to the net while others are positioned further back.

Each player is holding a tennis racket, with a total of 12 rackets visible in the scene. The players are all smiling and appear to be enjoying their time together on the court.",0.9070653915405273,0.958968460559845,0.9222259521484375,0.4146341463414634,0.9520153550863724,0.5227272727272727,
11,1,"The image features a man sitting on a bench near a body of water, possibly a river or a lake. He is wearing a red shirt and appears to be enjoying the view. Another person is standing nearby, taking a picture of the scene.

There are two boats visible in the water, one closer to the left side and the other further to the right. A handbag can be seen placed on the ground near the man sitting on the bench. Additionally, there is a bird flying in the sky, adding to the serene atmosphere of the scene.",1.0,1.0,1.0,1.0,1.0,1.0,
11,2,"The image depicts a man sitting on a bench near a body of water, possibly a lake or a river. He is wearing a red shirt and appears to be enjoying his time by the water. Another person is visible in the scene, standing near the water and possibly observing the man on the bench.

There are two boats in the scene, one located closer to the man on the bench and the other further away. A backpack can be seen placed on the ground near the man on the bench, and a handbag is located closer to the water. The overall atmosphere of the scene is peaceful and serene.",0.9473922252655029,0.9473922252655029,0.9531928896903992,0.6666666666666666,1.1155378486055776,0.7073170731707317,
11,3,"The image depicts a man sitting on a bench near a body of water, possibly a lake or a river. He is wearing a red shirt and appears to be enjoying the view. Another person is visible in the scene, standing in the water and holding an oar, possibly preparing to row a boat.

There are two boats in the scene, one located closer to the man on the bench and the other further away. A suitcase can be seen placed near the water, possibly belonging to one of the individuals in the scene.",0.9130843281745911,0.9343397617340088,0.9450806379318237,0.6056338028169014,0.9601593625498008,0.6341463414634146,
12,1,"The image features a woman holding a Hello Kitty cell phone in her hand. She is looking at the phone screen, possibly checking messages or browsing the internet. The woman is wearing a watch on her wrist, and there is a handbag placed nearby.

In the background, there are several other people present, some of whom are standing closer to the woman, while others are further away. The scene appears to be a casual gathering or event where people are engaging with their cell phones.",1.0,1.0,0.9999999403953552,1.0,1.0,1.0,
12,2,"The image is a colorful and lively cartoon depiction of a busy city street. A woman wearing a pink bow in her hair is the focal point of the scene, standing out among the crowd. She is holding a cell phone and appears to be looking at it.

There are numerous people in the scene, some of them carrying handbags. The crowd is diverse, with individuals of different ages and genders. The overall atmosphere of the image is bustling and energetic, capturing the essence of a typical city street.",0.5758911967277527,0.5758911967277527,0.8985253572463989,0.2826086956521739,1.020746887966805,0.30434782608695654,
12,3,"The image is a comic strip featuring a woman in a pink dress standing in the center of a crowd. She is holding a cell phone and appears to be taking a picture. The crowd consists of various people surrounding her, with some standing closer to her and others further away.

In the scene, there are multiple handbags visible, with one near the woman in the pink dress, another in the middle of the crowd, and a third one towards the right side of the image. Additionally, there is a person holding a camera, possibly capturing the moment.",0.6339403986930847,0.7517463564872742,0.9087377786636353,0.3181818181818182,1.112033195020747,0.3695652173913043,
13,1,"The image features a group of children riding on a small, red train. There are at least nine children visible in the scene, with some sitting closer to the front of the train and others further back. The train appears to be a miniature version, providing a fun and engaging experience for the children. The scene captures the excitement and joy of the children as they enjoy their ride on the train.",1.0,1.0,1.0,1.0,1.0,1.0,
13,2,"The image features a toy train with a group of children riding on it. There are at least 12 children visible, with some sitting on the train and others standing nearby. The train is traveling along a track, and the children seem to be enjoying their ride.

In the background, there are a few umbrellas, possibly indicating a sunny day or a place where people gather. The scene appears to be a lively and fun environment for the children to play and interact.",0.8534435033798218,0.8534435033798218,0.9236290454864502,0.3918918918918919,1.1478696741854637,0.53125,
13,3,"The image depicts a lively scene of a group of children gathered around a small train. The train is filled with passengers, including children and adults, as they enjoy the ride. The train is situated on a track, and the children are standing around it, some closer to the train and others further away.

There are several children visible in the scene, with some standing closer to the train and others further back. A few children can be seen sitting on the train, while others are standing nearby. The atmosphere appears to be joyful and fun, as the children and adults share this unique experience together.",0.8509316444396973,0.8822190761566162,0.9230724573135376,0.4246575342465753,1.531328320802005,0.625,
14,1,"The image features a delicious-looking pastry, possibly a chocolate muffin or a sandwich, sitting on a plate. The plate is placed on a dining table, and there is a bowl nearby, possibly containing a side dish or a sauce. 

In the background, there is a person partially visible, likely enjoying the meal or preparing to eat the pastry. The scene appears to be set in a cozy and inviting atmosphere.",1.0,1.0,1.0,1.0,1.0,1.0,
14,2,"The image features a person sitting at a dining table, enjoying a delicious chocolate muffin. The muffin is placed on a white plate, which is positioned on the table. The person is holding a knife, likely preparing to cut the muffin.

The table is set with various utensils, including a fork on the left side of the table, a spoon on the right side, and a knife closer to the center. There is also a cup located near the top right corner of the table. The scene appears to be a cozy and intimate dining experience.",0.7745856046676636,0.7745856046676636,0.9095996618270874,0.38028169014084506,1.2914572864321607,0.5588235294117647,
14,3,"The image features a person sitting at a dining table, enjoying a delicious chocolate cupcake. The cupcake is placed on a plate, and the person is using a fork to eat it. There are two more plates on the table, one closer to the person and the other further away.

Additionally, there are two spoons on the table, one near the person and the other closer to the edge of the table. A knife can also be seen on the table, positioned near the right side of the scene.",0.7257338166236877,0.8351203799247742,0.8908957839012146,0.3142857142857143,1.1658291457286432,0.4117647058823529,
15,1,"The image features a person paddling on a surfboard in the ocean. The person is wearing a hat and is skillfully navigating the water. The surfboard is positioned in the middle of the scene, with the person standing on it and using a paddle to propel themselves through the water.

In the background, there are several houses visible, indicating that the location is near a residential area. The scene captures the person's enjoyment of the water and the serene atmosphere of the ocean.",1.0,1.0,1.0,1.0,1.0,1.0,
15,2,"The image features a man paddling on a surfboard in the ocean, surrounded by a few houses. He is skillfully navigating the waves, enjoying his time on the water. The surfboard is positioned in the center of the scene, with the man standing on it and holding onto the paddle.

In the background, there are several houses of varying sizes, some closer to the water and others further away. The scene captures the essence of a leisurely day spent on the water, with the man taking advantage of the ocean waves.",0.890583872795105,0.890583872795105,0.9431977272033691,0.3888888888888889,1.045360824742268,0.5142857142857142,
15,3,"The image is a colorful, hand-drawn cartoon depicting a man paddleboarding on a river. He is skillfully navigating the water with his paddle, surrounded by a lively scene. 

There are several other people in the image, some of them closer to the man on the paddleboard, while others are further away. A dog can be seen in the scene, possibly accompanying the man on his adventure. The overall atmosphere of the image is vibrant and full of life.",0.6817460656166077,0.72505784034729,0.9041462540626526,0.2345679012345679,0.9175257731958762,0.2857142857142857,
16,1,"The image features a desk with two laptops and two computer monitors. The laptops are placed on the left side of the desk, while the monitors are positioned on the right side. A keyboard is also present on the right side of the desk, close to the monitors.

In addition to the electronic devices, there are two mice on the desk, one near the left laptop and the other near the right laptop. A cell phone can be seen on the left side of the desk, and a book is placed on the right side. The desk appears to be well-equipped for a productive work environment.",1.0000001192092896,1.0,0.9999998807907104,1.0,1.0,1.0,
16,2,"The image depicts a well-equipped office space with a large desk featuring a computer setup. There are three computer monitors placed on the desk, with one on the left side, another in the middle, and the third on the right side. A keyboard and a mouse are also present on the desk, indicating a complete computer setup.

In addition to the computer equipment, there are two cell phones on the desk, one near the center and the other towards the right side. A book can be seen on the left side of the desk, and a cup is placed near the center. A chair is positioned in front of the desk, ready for someone to sit and work.",0.873839259147644,0.873839259147644,0.9420564770698547,0.5138888888888888,1.1166965888689409,0.6571428571428571,
16,3,"The image depicts a large, well-equipped office space with multiple desks and chairs. There are three desks in the room, each with a computer monitor and keyboard. Two of the desks have chairs placed in front of them, while the third desk has a chair on the side.

In addition to the desks and chairs, there are several potted plants scattered throughout the room, adding a touch of greenery to the office environment. A TV is mounted on the wall, and a couple of books can be seen placed on one of the desks.

The office space is designed to accommodate multiple employees, with a total of five chairs visible in the room.",0.7166566848754883,0.8466014862060547,0.9064773917198181,0.3176470588235294,1.118491921005386,0.4,
17,1,"The image depicts a busy highway with multiple cars and trucks driving under a bridge. There are at least nine cars and two trucks visible in the scene, with some vehicles closer to the foreground and others further back. The highway is filled with traffic, and the vehicles are moving in various directions.

In addition to the vehicles, there are several traffic signs visible in the scene, including one on the left side of the image, one in the middle, and another on the right side. These signs likely provide information about the highway, such as directions or lane changes.",1.0,1.0,1.0,1.0,1.0,1.0,
17,2,"The image depicts a busy highway filled with numerous cars and trucks. The highway is a four-lane road, with traffic moving in both directions. There are at least 14 cars and 5 trucks visible in the scene, with some vehicles positioned closer to the viewer and others further away.

The traffic appears to be quite heavy, with cars and trucks occupying most of the available lanes. The highway is situated under a bridge, which adds to the urban atmosphere of the scene.",0.8946183323860168,0.8946183323860168,0.9208443760871887,0.3950617283950617,0.8089500860585198,0.5111111111111111,
17,3,"The image depicts a bustling highway filled with numerous cars, trucks, and buses. The traffic is dense, with vehicles occupying every lane, and some cars are even driving on the shoulder. The scene is a mix of various vehicles, including cars, trucks, and buses, all contributing to the congestion.

The highway is surrounded by trees, adding a touch of nature to the urban landscape. The traffic appears to be moving in both directions, with vehicles occupying the lanes from left to right and vice versa. The overall scene is a vivid representation of a busy highway during peak traffic hours.",0.8082608580589294,0.8586117625236511,0.8970021605491638,0.31521739130434784,1.0258175559380378,0.4444444444444444,
18,1,"The image features a red double-decker bus driving down a city street. The bus is quite large, occupying a significant portion of the scene. There are several people visible on the street, with some walking and others standing.

In addition to the bus, there are two other vehicles in the scene: a car and a truck. The car is located on the right side of the street, while the truck is situated further back on the left side. The presence of these vehicles adds to the bustling city atmosphere.",1.0,1.0,1.0,1.0,1.0,1.0,
18,2,"The image is a colorful painting of a busy city street with a red double-decker bus driving down the road. The bus is surrounded by various vehicles, including cars and trucks, which are scattered throughout the scene.

There are numerous people on the street, some walking and others standing, creating a lively atmosphere. A few individuals can be seen carrying handbags, adding to the bustling city vibe.

The painting captures the essence of a typical day in a bustling city, with the iconic red double-decker bus as the centerpiece.",0.8400387167930603,0.8400387167930603,0.9137626886367798,0.3411764705882353,1.0870445344129556,0.45,
18,3,"The image depicts a bustling city street filled with various vehicles and pedestrians. There are numerous buses, including a large red double-decker bus, driving down the street. A few cars can also be seen, with one car positioned in the middle of the street and another car further back.

A crowd of people is walking along the street, with some individuals carrying handbags. The pedestrians are scattered throughout the scene, with some closer to the foreground and others further back. The overall atmosphere of the scene is lively and energetic, capturing the essence of a busy city street.",0.7970921993255615,0.814647912979126,0.9186932444572449,0.36470588235294116,1.2064777327935223,0.5,
19,1,"The image features a black and white cat lying on top of a laptop computer. The cat is comfortably resting on the keyboard, occupying a significant portion of the laptop's surface. The laptop is placed on a desk, and the cat appears to be enjoying its time on the computer.",1.0000001192092896,1.0,1.0,1.0,1.0,1.0,
19,2,"The image features a black and white cat sitting on a desk next to a laptop computer. The cat appears to be looking at the laptop screen, possibly intrigued by the content displayed. 

On the desk, there is a cup of coffee, a spoon, and a pencil. The cup is placed near the laptop, while the spoon and pencil are located closer to the edge of the desk. The scene gives the impression of a cozy workspace where the cat is enjoying the company of its owner.",0.8656728863716125,0.8656728863716125,0.9166325926780701,0.3333333333333333,1.6666666666666667,0.5263157894736842,
19,3,"The image features a black and white cat sitting on a desk, seemingly working on a laptop computer. The cat is positioned in the center of the desk, with the laptop placed in front of it. 

The desk is cluttered with various items, including a cup, a book, a pair of scissors, and a cell phone. The cup is located on the left side of the desk, while the book is placed on the right side. The scissors are situated in the middle of the desk, and the cell phone is located towards the right side.",0.851759135723114,0.8954821825027466,0.9014381170272827,0.2542372881355932,1.8095238095238095,0.42105263157894735,
20,1,"The image features a large airplane flying high in the sky, with the bridge of the Sydney Harbour Bridge visible below. The airplane is positioned towards the center of the scene, and the bridge spans across the entire width of the image.

There are several people scattered throughout the scene, likely enjoying the view of the airplane and the bridge. Some of them are closer to the bridge, while others are further away, possibly on the other side of the harbor.",1.0,1.0,1.0,1.0,1.0,1.0,
20,2,"The image features a large bridge with two airplanes flying underneath it. The airplanes are positioned close to each other, with one slightly ahead of the other. The bridge spans across the entire width of the scene, providing a sense of scale for the airplanes.

In addition to the airplanes, there are several boats visible in the water below the bridge. Some of these boats are closer to the bridge, while others are further away. The scene captures the dynamic interaction between the airplanes and the bridge, as well as the presence of boats in the area.",0.7903007864952087,0.7903007864952087,0.9208385348320007,0.40540540540540543,1.206451612903226,0.5897435897435898,
20,3,"The image features a large bridge with several airplanes flying underneath it. There are a total of nine airplanes in the scene, with some positioned closer to the bridge and others further away. The airplanes vary in size and are scattered throughout the image, creating a dynamic and engaging scene.

In addition to the airplanes, there are two boats visible in the water below the bridge. One boat is located near the left side of the image, while the other is situated closer to the right side. The combination of the bridge, airplanes, and boats creates a captivating and imaginative scene.",0.7872347831726074,0.9285215735435486,0.9090688228607178,0.40540540540540543,1.2795698924731183,0.5641025641025641,
21,1,"The image features a zebra with its head down, nuzzling another zebra. The zebra on the left is gently nibbling on the other zebra's neck, creating a tender moment between the two animals. The scene captures the close bond between the zebras, showcasing their social behavior and interaction.",1.0,1.0,1.0,1.0,1.0,1.0,
21,2,"The image features two zebras standing close to each other, with their heads touching or almost touching. They are positioned in a way that their heads are almost overlapping, creating a striking visual effect. The zebras are standing in a black and white environment, which adds to the contrast between their bodies and the background.",0.8132324814796448,0.8132324814796448,0.8884327411651611,0.21311475409836064,1.1506849315068493,0.32142857142857145,
21,3,"The image features two zebras standing close to each other, with their heads touching. They are positioned in the center of the scene, creating a sense of unity and companionship. The zebras are the main focus of the image, with their distinctive black and white stripes visible.",0.8147924542427063,0.9225050806999207,0.8998916149139404,0.22807017543859648,0.9554794520547946,0.32142857142857145,
22,1,"The image features a cozy bedroom with a large bed situated in the center of the room. The bed is adorned with a colorful comforter, adding a vibrant touch to the space. A chair is placed near the bed, and a dining table can be seen in the room as well.

The room also has a window, allowing natural light to enter the space. A clock is mounted on the wall, and a remote control is placed nearby. Additionally, there is a book on the table, suggesting that the room is used for relaxation and leisure activities.",1.0,1.0,1.0,1.0,1.0,1.0,
22,2,"The image features a cozy bedroom with a large bed situated in the center of the room. The bed is adorned with a colorful blanket, adding a vibrant touch to the space. The room is well-lit, with sunlight streaming in through the windows, creating a warm and inviting atmosphere.

In addition to the bed, there is a chair placed near the left side of the room, and a potted plant located on the left side as well. A clock can be seen hanging on the wall, and a book is placed on the bed, suggesting that the occupant enjoys reading. The room also contains a dining table, which is situated towards the right side of the room.",0.9358772039413452,0.9358772039413452,0.9409040212631226,0.5,1.21875,0.6590909090909091,
22,3,"The image features a cozy bedroom with a large bed taking up a significant portion of the space. The bed is covered with a colorful blanket, adding a vibrant touch to the room. A potted plant is placed near the bed, adding a touch of greenery to the space.

In addition to the bed, there are two chairs in the room, one located near the left side and the other closer to the right side. A vase can be seen on the right side of the room, and a book is placed on the bed, indicating that the occupant might be reading or relaxing in the room.",0.8437498807907104,0.9219850897789001,0.9300090670585632,0.3411764705882353,1.0546875,0.4090909090909091,
23,1,"The image features a large purple bus driving down a street. The bus is quite long, occupying a significant portion of the scene. There are several people visible around the bus, with some standing closer to the bus and others further away.

In addition to the bus, there are two traffic lights in the scene, one located near the top left corner and the other near the top right corner. The presence of these traffic lights suggests that the bus is driving in an urban environment with traffic regulations in place.",1.0,1.0,1.0,1.0,1.0,1.0,
23,2,"The image is a colorful, hand-drawn cartoon of a city street with a purple bus driving down the road. The bus is surrounded by several cars, including a few parked on the side of the street. There are also a few pedestrians walking along the sidewalk, some of them carrying handbags.

In addition to the bus and cars, there are two traffic lights visible in the scene, one near the center and the other towards the right side of the image. The overall atmosphere of the scene is lively and bustling, with people and vehicles going about their daily routines.",0.8691296577453613,0.8691296577453613,0.9174910187721252,0.3258426966292135,1.083495145631068,0.42857142857142855,
23,3,"The image is a colorful cartoon depiction of a busy city street filled with various vehicles and people. There are numerous cars, buses, and trucks driving down the street, with some cars positioned closer to the viewer and others further away. A bus is prominently featured in the scene, occupying a significant portion of the street.

Numerous people can be seen walking along the sidewalk, with some closer to the foreground and others further back. The scene captures the hustle and bustle of a typical day in a city, with people going about their daily routines and vehicles navigating the crowded streets.",0.6937129497528076,0.8681156635284424,0.8964726328849792,0.2717391304347826,1.1864077669902913,0.38095238095238093,
24,1,"The image features a white bowl filled with a variety of green apples. The apples are arranged in different positions within the bowl, creating a visually appealing display. Some apples are placed closer to the front, while others are situated towards the back of the bowl. The apples are of different sizes and shapes, adding to the overall diversity of the fruit arrangement.",1.0,1.0,1.0,1.0,1.0,1.0,
24,2,"The image features a large white bowl filled with a variety of green apples. The bowl is placed on a table, and the apples are arranged in a visually appealing manner. There are at least 13 apples in the bowl, with some placed closer to the front and others towards the back. The apples are of different sizes and shapes, creating a diverse and colorful display.",0.9263585209846497,0.9263585209846497,0.9616000652313232,0.6078431372549019,0.9602122015915119,0.7272727272727273,
24,3,"The image features a white plate filled with a variety of green apples. The apples are arranged in a circular pattern, with some placed closer to the edge of the plate and others positioned more towards the center. The plate is placed on a wooden table, creating a visually appealing and healthy display.",0.8696027994155884,0.825049638748169,0.9395564198493958,0.4807692307692308,0.8063660477453581,0.5454545454545454,
25,1,"The image captures a baseball game in progress, with a batter holding a baseball bat and preparing to swing. The batter is standing next to the home plate, ready to hit the ball. The catcher and the umpire are also present in the scene, positioned behind the batter.

There are several other people in the image, likely teammates and opponents, scattered around the field. Some of them are standing closer to the batter, while others are further away. The scene is filled with anticipation and excitement as the game unfolds.",1.0,1.0,1.0,1.0,1.0,1.0,
25,2,"The image captures a moment during a baseball game, with a batter holding a baseball bat and preparing to swing. The catcher is positioned behind the batter, wearing a baseball glove, ready to catch the ball. The umpire is also present, closely observing the game.

There are several other people in the scene, likely teammates, opponents, or spectators. Some of them are standing near the edges of the image, while others are closer to the action. The atmosphere appears to be lively and engaging, as everyone is focused on the ongoing game.",0.9319332242012024,0.9319332242012024,0.953603208065033,0.5394736842105263,1.0323809523809524,0.7045454545454546,
25,3,"The image is a black and white photograph of a baseball game in progress. A baseball player is in the middle of swinging a bat, attempting to hit the ball. The catcher is positioned behind the batter, wearing a baseball glove, ready to catch the ball if the batter misses.

There are several other people in the scene, likely teammates and opponents, watching the game unfold. Some of them are standing near the edges of the image, while others are closer to the action. The atmosphere appears to be intense and focused on the batter's performance.",0.9139679670333862,0.9416289329528809,0.9412373304367065,0.425,1.0438095238095237,0.5454545454545454,
26,1,"The image features a dining table set for a party with a variety of food and drinks. There are several plates of food, including a cake, a bowl of fruit, and a plate of cheese and crackers. The table is also adorned with a few wine glasses, cups, and a bottle.

In addition to the food and drinks, there are utensils such as forks, knives, and spoons placed on the table. A few carrots can also be seen on the table, adding to the assortment of food items. The table is surrounded by chairs, inviting guests to sit and enjoy the feast.",1.0,1.0,1.0,1.0,1.0,1.0,
26,2,"The image features a dining table filled with a variety of food and drinks. There are several plates of cheese, fruit, and crackers, as well as a few bowls containing different items. The table is adorned with multiple wine glasses, some of which are filled with wine.

In addition to the food and drinks, there are utensils such as forks and knives placed around the table. A bottle can be seen on the table, possibly containing wine or another beverage. The table is set for a delightful meal, with a mix of sweet and savory dishes.",0.9027551412582397,0.9027551412582397,0.9446593523025513,0.5189873417721519,0.9981308411214953,0.6046511627906976,
26,3,"The image features a dining table filled with a variety of food and drinks. There are several plates of cheese, grapes, crackers, and other snacks spread across the table. In addition to the food, there are multiple wine glasses placed around the table, indicating that the guests are enjoying wine along with their meal.

Two people can be seen in the scene, one on the left side and the other on the right side of the table. They are likely enjoying the food and drinks together. The table is set with forks, knives, and spoons, ready for the guests to use while eating.",0.8747233152389526,0.9218408465385437,0.9224440455436707,0.3977272727272727,1.0691588785046728,0.5116279069767442,
27,1,"The image captures a man in a black shirt riding a wave on a surfboard. He is skillfully navigating the ocean waves, showcasing his surfing abilities. The surfboard is positioned in the middle of the scene, with the man lying on it and maintaining his balance. The scene is set against a backdrop of the ocean, creating a dynamic and exciting atmosphere.",1.0,1.0,0.9999999403953552,1.0,1.0,1.0,
27,2,"The image captures a man skillfully riding a wave on a surfboard in the ocean. He is positioned in the center of the scene, with his surfboard gliding through the water. The man appears to be enjoying the thrill of the ride, as he skillfully navigates the wave.

The ocean is filled with waves, and the man is surrounded by a few other smaller waves in the background. The scene is a perfect representation of the excitement and challenge of surfing.",0.9040877819061279,0.9040877819061279,0.9274712204933167,0.3548387096774194,1.271186440677966,0.4444444444444444,
27,3,"The image is a painting of a man surfing on a wave. He is skillfully riding the wave on his surfboard, which is positioned in the center of the scene. The man appears to be enjoying the thrill of the ride, as he is smiling while surfing.

The wave itself is depicted in a dynamic manner, with the crest of the wave extending from the left side of the image to the right. The man's surfboard is the main focus of the painting, with the wave and the man's body positioned around it.",0.7898575067520142,0.8367102742195129,0.9106950163841248,0.3230769230769231,1.3559322033898304,0.37037037037037035,
28,1,"The image features a large group of children posing for a group photo. They are all dressed in school uniforms, with some of them wearing ties. The children are arranged in rows, with some sitting and others standing. The group consists of both boys and girls, all smiling and enjoying the moment.

The children are positioned in various rows, with some standing closer to the front and others further back. The group is quite diverse, with some children standing closer to the left side of the image, while others are positioned more towards the right side. Overall, the scene captures a joyful and memorable moment for the children.",1.0,1.0,1.0,1.0,1.0,1.0,
28,2,"The image features a large group of children posing for a group photo. They are all dressed in school uniforms, wearing ties and sweaters. The children are arranged in rows, with some sitting on chairs and others standing. The chairs are placed in various positions throughout the scene, with some closer to the foreground and others further back. The children are all smiling and appear to be enjoying the moment.",0.9457045793533325,0.9457045793533325,0.9424535036087036,0.5606060606060606,0.6529968454258676,0.5957446808510638,
28,3,"The image features a large group of children dressed in school uniforms, posing together for a group photo. They are all wearing ties, which adds a formal touch to their attire. The children are arranged in rows, with some sitting on chairs and others standing.

There are several chairs visible in the scene, with some placed in the foreground and others in the background. The children are spread out across the scene, with some standing closer to the front and others further back. The overall atmosphere of the photo is one of unity and camaraderie among the students.",0.9162508845329285,0.9373898506164551,0.9363644123077393,0.4444444444444444,0.9022082018927445,0.5531914893617021,
29,1,"The image features a wooden dining table with a white plate filled with various food items. The plate contains a variety of bread, including toast and a baguette, as well as a piece of meat. There are also two bowls on the table, one placed near the center and the other towards the right side.

In addition to the food, there are utensils on the table, such as a knife and a spoon. A wine glass is also present on the table, adding to the dining experience. The table is surrounded by chairs, with one on the left side and another on the right side.",1.0,1.0,1.0,1.0,1.0,1.0,
29,2,"The image features a dining table filled with a variety of breads and pastries. There are several plates and bowls containing different types of bread, including slices of bread and rolls. Some of the breads are placed on the table, while others are in bowls.

In addition to the bread, there are a few cups and a wine glass on the table. A knife is also visible, likely used for cutting the bread. The table is set for a meal, with the assortment of breads and pastries creating an appetizing display.",0.8664431571960449,0.8664431571960449,0.91520094871521,0.30952380952380953,0.9127272727272727,0.37777777777777777,
29,3,"The image features a dining table filled with a variety of breads and pastries. There are several plates and bowls containing different types of bread, including slices of bread and rolls. Some of the breads are placed on the table, while others are in cups or bowls.

In addition to the breads, there are multiple wine glasses scattered across the table, with some placed closer to the edges and others near the center. A cup can also be seen on the table, adding to the assortment of items. The table is set for a delightful meal, with the breads and pastries as the main focus.",0.8738131523132324,0.9446890354156494,0.9209946990013123,0.3258426966292135,1.0545454545454545,0.4222222222222222,
30,1,"The image captures a thrilling moment of a skier performing a jump in the air. The skier is in the middle of the jump, with their skis visible as they soar through the air. 

There are several other people in the scene, likely watching the skier's impressive feat. Some of them are standing closer to the skier, while others are further away. The overall atmosphere of the scene is energetic and exciting, as everyone seems to be enjoying the spectacle.",1.0000001192092896,1.0,1.0,1.0,1.0,1.0,
30,2,"The image captures a thrilling moment of a skier performing a jump in the air. The skier is in the middle of the jump, with their skis visible as they soar through the air. The scene is filled with excitement and anticipation as the skier showcases their skill.

In the background, there are several other people, likely fellow skiers or spectators, watching the impressive jump. The skier's jump is the main focus of the image, creating a sense of action and adventure.",0.9555212259292603,0.9555212259292603,0.9481039643287659,0.4852941176470588,1.0375275938189845,0.575,
30,3,"The image captures a man skiing down a snow-covered slope, wearing a blue and orange outfit. He is skillfully navigating the mountain, making his way through the snow. The skier is holding ski poles in his hands, which can be seen in the foreground.

The scene also features a backpack, likely belonging to the skier, placed on the snow near the center of the image. The skier's focus and determination are evident as he continues his descent down the mountain.",0.7006976008415222,0.7109173536300659,0.8958508372306824,0.18888888888888888,1.0176600441501105,0.15,
31,1,"The image features a person standing on a snow-covered hill, wearing skis and holding ski poles. They are positioned in the center of the scene, with the skis and poles clearly visible. The person appears to be enjoying the winter landscape and the skiing experience.

In the background, there are mountains visible, adding to the picturesque setting. The overall atmosphere of the scene is serene and inviting, with the person seemingly taking a break from skiing to appreciate the beauty of the snowy landscape.",1.0,1.0,1.0,1.0,1.0,1.0,
31,2,"The image is a beautifully drawn cartoon of a man skiing on a snow-covered slope. He is wearing a red jacket and a hat, and he is standing on skis with poles in his hands. The scene is set against a backdrop of a mountain, adding to the picturesque atmosphere.

There are several other people in the background, but they are smaller and less prominent than the main skier. The overall scene is a delightful portrayal of a winter sport, with the man enjoying his time on the slopes.",0.7961540222167969,0.7961540222167969,0.9185127019882202,0.34146341463414637,0.9376218323586745,0.4634146341463415,
31,3,"The image is a colorful cartoon of an older man skiing down a snowy mountain. He is wearing a red jacket and is smiling as he skis. The man is the main focus of the scene, and his skis are clearly visible beneath him.

In the background, there are two smaller figures, one on the left side and the other on the right side of the image. The scene is set against a beautiful mountain backdrop, adding to the overall charm of the cartoon.",0.7260527610778809,0.9143813252449036,0.9089605808258057,0.25609756097560976,0.847953216374269,0.2926829268292683,
33,1,"The image features a white coffee mug with a pirate skull on it, placed on a table. Beside the mug, there is a knife, which appears to be a large kitchen knife. The knife is positioned in a way that it seems to be resting on the table, possibly ready for use. The scene suggests that the person who owns these items might be preparing to cook or engage in some other activity involving the knife.",1.0,1.0,1.0,1.0,1.0,1.0,
33,2,"The image features a dining table with a variety of items on it. A cup of coffee is placed on the table, accompanied by a knife and a spoon. There are also two bottles, one located near the top left corner and the other towards the top right corner. 

In addition to the main items, there are two bowls on the table, one positioned towards the left side and the other towards the right side. A clock is also visible on the table, situated near the top left corner. The scene appears to be set for a meal or a casual gathering.",0.6021528840065002,0.6021528840065002,0.8765010833740234,0.2839506172839506,1.3282828282828283,0.3611111111111111,
33,3,"The image depicts a dining table set for a meal, with various plates, cups, and utensils spread across the surface. There are multiple bowls, some containing soup, and a few cups placed around the table. A bottle can be seen on the table, likely containing a beverage.

In addition to the tableware, there are two chairs positioned around the table, one on the left side and the other on the right side. A spoon is also visible on the table, likely used for eating the soup. The overall scene suggests a cozy and inviting dining experience.",0.552956759929657,0.8803116083145142,0.8741006255149841,0.1978021978021978,1.3636363636363635,0.2777777777777778,
34,1,"The image depicts a lively scene in a wine shop, where a group of people is gathered around a bar. There are at least nine people in the scene, with some standing closer to the bar and others further away. They are engaged in conversation and enjoying their time together.

The bar is well-stocked with numerous wine bottles displayed on shelves and the counter. There are at least 14 wine bottles visible in the scene, showcasing a variety of options for the customers. The atmosphere appears to be relaxed and social, with people enjoying their time and the company of others.",1.0,1.0,1.0,1.0,1.0,1.0,
34,2,"The image depicts a lively bar scene with a group of people sitting at the bar, enjoying their time together. There are at least five people visible in the scene, with some sitting on stools and others standing.

The bar is well-stocked with numerous wine bottles displayed on shelves behind the bar. There are at least 14 wine bottles visible in the scene, showcasing a variety of options for the patrons. The bar also features a dining table, where some of the people are seated, and a few chairs are placed around the area.

The atmosphere appears to be relaxed and social, with the patrons engaging in conversation and enjoying their time at the bar.",0.9246193170547485,0.9246193170547485,0.9493830800056458,0.6486486486486487,1.1314878892733564,0.7555555555555555,
34,3,"The image depicts a lively bar scene with a group of people gathered around a long wooden bar. There are numerous people sitting on stools, engaged in conversation and enjoying their time. The bar is filled with various bottles of wine, creating an atmosphere of relaxation and socializing.

In addition to the people and bottles, there are several wine glasses placed on the bar, indicating that the patrons are likely sipping on their drinks. The overall ambiance of the bar is warm and inviting, with people enjoying each other's company and the selection of wine.",0.8588200807571411,0.8998722434043884,0.9209659099578857,0.3448275862068966,0.9809688581314879,0.4444444444444444,
35,1,"The image features a marshy area with a grassy field and a body of water nearby. There are several birds scattered throughout the scene, with some standing on the grass and others flying in the sky. In total, there are 11 birds visible in the image.

Additionally, there are a few boats in the area, with one boat located near the left side of the image and two boats closer to the right side. The presence of these boats and birds creates a serene and natural atmosphere.",1.0,1.0,1.0,1.0,1.0,1.0,
35,2,"The image depicts a serene scene of a boat floating on a body of water, surrounded by a lush green field. The boat is filled with people, and there are several birds flying in the sky above the water. The birds are scattered throughout the scene, with some closer to the boat and others further away. The combination of the boat, people, and birds creates a peaceful and picturesque atmosphere.",0.8327838182449341,0.8327838182449341,0.9118905663490295,0.42424242424242425,0.8347457627118644,0.5,
35,3,"The image features a serene scene of a boat floating on a river, surrounded by a lush green field. The boat is filled with birds, creating a sense of movement and life. There are numerous birds scattered throughout the scene, some flying near the boat and others perched on the boat itself. The combination of the boat, the river, and the birds creates a peaceful and picturesque atmosphere.",0.802002489566803,0.9577747583389282,0.906995952129364,0.3333333333333333,0.8283898305084746,0.4473684210526316,
36,1,"The image features a man wearing a black shirt and gloves, kneeling down and working on a toilet. He appears to be a plumber or a handyman, focused on fixing the toilet. The toilet is located in the lower part of the scene, with the man's hands positioned on it.

In the background, there is a sink situated on the left side of the image. Additionally, there is a bottle placed near the sink, possibly containing cleaning supplies or tools.",1.0,1.0,1.0,1.0,1.0,1.0,
36,2,"The image is a comic book illustration featuring a man in a black shirt and pants squatting down next to a toilet. He appears to be fixing or inspecting the toilet. The scene is set in a bathroom, with a sink visible in the background.

There are several bottles scattered around the bathroom, with one near the sink, another close to the toilet, and a third one further away. Additionally, there is a cup placed on a surface in the bathroom.",0.809802234172821,0.809802234172821,0.9142827987670898,0.3466666666666667,1.0045454545454546,0.40540540540540543,
36,3,"The image is a black and white comic strip featuring a man kneeling down in a bathroom. He is holding a cell phone in his hand, possibly checking messages or browsing the internet. The bathroom is equipped with a toilet and a sink, and there are multiple bottles scattered around the room.

In addition to the main character, there are two other people in the scene, one standing near the left edge of the image and the other on the right side. The presence of these individuals adds to the overall atmosphere of the comic strip.",0.7008487582206726,0.8428483009338379,0.8986966609954834,0.2727272727272727,1.2022727272727274,0.35135135135135137,
37,1,"The image features a group of people standing on a snow-covered slope, likely enjoying a skiing or snowboarding adventure. There are at least nine people visible in the scene, with some standing closer to the foreground and others further back.

In addition to the people, there are two backpacks and a dog present in the scene. One backpack is located near the center of the image, while the other is positioned closer to the right side. The dog is situated near the center of the scene, accompanying the group of people.

The snowy mountain in the background adds to the picturesque winter setting.",1.0,1.0,1.0,1.0,1.0,1.0,
37,2,"The image depicts a group of people standing on a snow-covered slope, likely preparing to ski or snowboard. There are at least 13 people in the scene, some of them wearing backpacks. The group is spread out across the slope, with some individuals closer to the foreground and others further back.

The people are equipped with skis and snowboards, with a total of 11 sets of skis and 4 snowboards visible in the scene. The skis are scattered across the slope, with some closer to the people and others further away. The snowboards are also dispersed throughout the scene, with some near the people and others further away.

The overall atmosphere of the image suggests a fun and exciting winter sports experience for the group.",0.8098376989364624,0.8098376989364624,0.9214402437210083,0.3626373626373626,1.2116666666666667,0.4782608695652174,
37,3,"The image is a beautifully drawn cartoon of a large group of people skiing down a snowy mountain. The skiers are scattered across the slope, with some closer to the top and others further down the mountain. They are all wearing backpacks, which can be seen on their backs as they ski.

The scene is lively and full of energy, with the skiers enjoying their time on the mountain. The cartoon-like style of the image adds a playful and fun atmosphere to the scene.",0.7179708480834961,0.7457228899002075,0.8965608477592468,0.2696629213483146,0.77,0.34782608695652173,
38,1,"The image features a white bowl filled with a delicious meal. The bowl contains a mix of rice, beans, and broccoli, creating a colorful and appetizing dish. The broccoli pieces are scattered throughout the bowl, with some placed closer to the top and others near the bottom. The beans are also visible, adding to the variety of ingredients in the dish. The bowl is placed on a dining table, ready to be enjoyed by someone.",1.0000001192092896,1.0,1.0,1.0,1.0,1.0,
38,2,"The image features a large white bowl filled with a variety of foods, including rice, beans, and broccoli. The bowl is placed on a dining table, and the broccoli is scattered throughout the dish. There are several pieces of broccoli, some of which are placed closer to the center of the bowl, while others are positioned towards the edges. The combination of rice, beans, and broccoli creates a colorful and nutritious meal.",0.9675187468528748,0.9675187468528748,0.9415905475616455,0.4838709677419355,1.004739336492891,0.6285714285714286,
38,3,"The image features a large bowl filled with a variety of foods, including rice, beans, broccoli, and other vegetables. The bowl is placed on a dining table, surrounded by several cups and bowls containing different ingredients. Some of the cups are located near the top of the table, while others are placed at the bottom.

In addition to the main bowl, there are two smaller bowls on the table, one near the top left corner and the other near the top right corner. The table also has a spoon resting on the surface, likely used for serving the food.",0.8177199959754944,0.8325539827346802,0.9078866839408875,0.3625,1.3033175355450237,0.5142857142857142,
39,1,"The image features a person riding a skateboard on a wooden platform or bridge. The skateboarder is skillfully balancing on the skateboard, which is positioned in the middle of the platform. The person appears to be enjoying their time skateboarding on this unique surface.",1.0000001192092896,1.0,1.0,1.0,1.0,1.0,
39,2,"The image features a man riding a skateboard on a wooden bridge. He is skillfully balancing on the skateboard, enjoying his time on the bridge. The bridge is surrounded by trees, creating a serene and picturesque setting. The man appears to be the main focus of the scene, showcasing his talent and passion for skateboarding.",0.8409362435340881,0.8409362435340881,0.9324714541435242,0.3877551020408163,1.1904761904761905,0.5454545454545454,
39,3,"The image features a man skillfully riding a skateboard on a wooden bridge. He is wearing a black hoodie and appears to be enjoying his time on the bridge. The skateboard is positioned underneath him, with the wheels visible as he glides across the bridge. The scene captures the man's focus and determination as he navigates the wooden structure.",0.8431859612464905,0.9159862399101257,0.9252365827560425,0.32075471698113206,1.271062271062271,0.5,
40,1,"The image features a wooden table with a pile of bananas on it. The bananas are arranged in a stack, with some of them overlapping each other. There are at least six bananas visible in the scene, with some placed closer to the front and others further back. The table appears to be a dining table, and the bananas are the main focus of the scene.",1.0,1.0,1.0,1.0,1.0,1.0,
40,2,"The image features a wooden table filled with numerous bunches of bananas. The bananas are arranged in various positions, with some placed closer to the edge of the table and others more towards the center. The table is covered with a total of 14 bunches of bananas, creating a visually appealing and abundant display.",0.8981162309646606,0.8981162309646606,0.9203574061393738,0.3103448275862069,0.9190751445086706,0.39285714285714285,
40,3,"The image features a large pile of bananas, with some of them appearing to be overripe. The bananas are arranged in a circular fashion, occupying a significant portion of the table. There are several bunches of bananas, with some placed closer to the foreground and others further back.

In addition to the bananas, there are a few people in the scene, with one person standing near the top left corner and another person in the top right corner. A chair can be seen in the top left corner of the image.",0.9191514849662781,0.8677818179130554,0.9146733283996582,0.36363636363636365,1.453757225433526,0.5714285714285714,
41,1,"The image features a plate filled with a delicious meal consisting of rice, broccoli, carrots, and chicken. The plate is placed on a dining table, and there are multiple carrots scattered around the plate, adding to the colorful and appetizing presentation.

In addition to the main dish, there are two cups on the table, one near the top left corner and the other near the top right corner. A fork is also visible on the table, positioned near the top left corner of the plate.",1.0,1.0,1.0,1.0,1.0,1.0,
41,2,"The image features a dining table with a variety of food items and utensils. There are several bowls placed on the table, containing different types of food. A plate of rice is prominently displayed, accompanied by a variety of vegetables such as carrots and broccoli. 

In addition to the bowls and plate, there are multiple carrots scattered across the table, some placed near the rice and others closer to the edge. A spoon can be seen resting on the table, likely used for eating the rice. The table setting creates an inviting atmosphere for a meal.",0.8978269100189209,0.8978269100189209,0.914373517036438,0.30120481927710846,1.1589958158995817,0.4444444444444444,
41,3,"The image features a dining table with a variety of food items arranged on it. There are several bowls containing different types of food, including rice, vegetables, and other dishes. Some of the bowls are placed closer to the edge of the table, while others are positioned more towards the center.

In addition to the bowls, there are a couple of spoons placed on the table, one near the center and the other towards the right side. A carrot can also be seen on the table, located towards the top right corner. The table is filled with an assortment of food items, creating a visually appealing and inviting scene.",0.8611271381378174,0.9225152134895325,0.9253342151641846,0.32142857142857145,1.288702928870293,0.4444444444444444,
42,1,"The image depicts a lively scene in a living room, where a group of people, including children, are gathered to play a video game. A young girl is actively engaged in the game, holding a Wii remote in her hand. Other people in the room are watching and enjoying the gameplay.

The living room is furnished with a couch and a chair, and there are several bottles placed around the room. A potted plant can be seen in the background, adding a touch of greenery to the space. The atmosphere appears to be fun and relaxed, with everyone enjoying the gaming session.",1.0,1.0,1.0,1.0,1.0,1.0,
42,2,"The image depicts a lively scene of a family gathered in a living room, playing video games together. There are several people in the room, with some sitting on couches and others standing. They are all holding cell phones, which they are using to play the game.

The living room is furnished with multiple couches and chairs, providing ample seating for the family members. There are also a few potted plants placed around the room, adding a touch of greenery to the space. A dining table can be seen in the background, and a TV is mounted on the wall, likely displaying the game they are playing.",0.8073226809501648,0.8073226809501648,0.9287298917770386,0.3684210526315789,1.0659536541889483,0.5102040816326531,
42,3,"The image depicts a lively scene of a group of people gathered in a living room, playing video games on a Nintendo Wii console. There are at least nine people in the room, with some sitting on a couch and others standing or sitting on chairs.

The living room is furnished with a couch, a chair, and a dining table. There are multiple potted plants placed around the room, adding a touch of greenery to the space. A few cups and a bottle can be seen on the dining table, suggesting that the group might be enjoying some refreshments while they play.

In addition to the people and furniture, there are two remote controls visible in the scene, likely used by the players to control the video games.",0.8611032366752625,0.8476334810256958,0.9238383173942566,0.37373737373737376,1.2442067736185383,0.5306122448979592,
43,1,"The image depicts a formal event, possibly a business meeting or a conference, with several people dressed in suits and ties. Two men are shaking hands in the center of the scene, while other people are standing around them, engaged in conversations or observing the event.

The room is furnished with multiple dining tables, chairs, and wine glasses. There are also a few handbags placed around the room, indicating that the attendees have brought their belongings with them. The atmosphere appears to be professional and focused, with everyone dressed in business attire and participating in the event.",1.0000001192092896,1.0,1.0,1.0,1.0,1.0,
43,2,"The image is a black and white drawing of a large group of people gathered in a room. The crowd is composed of various individuals, some standing and others sitting at a dining table. The people are engaged in conversation and enjoying each other's company.

The room is furnished with multiple chairs, some of which are occupied by the guests. There are also several wine glasses placed on the dining table, suggesting that the gathering might be a social event or a celebration. The overall atmosphere appears to be lively and social.",0.7434247732162476,0.7434247732162476,0.9138093590736389,0.31958762886597936,0.8874172185430463,0.40384615384615385,
43,3,"The image is a black and white drawing of a large group of people gathered around a dining table. The people are sitting and standing, engaged in conversation and enjoying their time together. The table is filled with various items, including multiple wine glasses, cups, and bottles.

There are several chairs placed around the table, and some people are standing near the table. The scene appears to be a lively social gathering, with people interacting and sharing a meal.",0.6396862268447876,0.9304746389389038,0.90840744972229,0.2857142857142857,0.7864238410596026,0.3269230769230769,
44,1,"The image features a man wearing a yellow shirt and a brown tie. He is standing in front of a window, possibly in a room with a door. The man appears to be looking down, possibly at his hands or the ground. The room has a window, and there is a clock on the wall. The man's attire suggests that he might be dressed for a formal event or a professional setting.",1.0,1.0,1.0,1.0,1.0,1.0,
44,2,"The image is a black and white drawing of a man standing in a room, looking out the window. He is wearing a yellow shirt and appears to be looking at the outside view. The room has a window on the left side and another one on the right side, providing a view of the outdoors. The man is positioned in the center of the room, with the window in the background.",0.7678627967834473,0.7678627967834473,0.8959560394287109,0.359375,0.9972222222222222,0.3333333333333333,
44,3,"The image is a black and white drawing of a man standing in a room with large windows. He is wearing a yellow shirt and appears to be looking out the window. The room has a balcony, and there are several books scattered around the space. Some books are placed on the balcony, while others are located near the windows. The overall atmosphere of the drawing is calm and contemplative.",0.6842179894447327,0.8753754496574402,0.9028178453445435,0.323943661971831,1.0638888888888889,0.36666666666666664,
45,1,"The image features a living room with a television placed on a wooden stand. The room is furnished with a couch and two chairs, one of which is positioned near the couch, and the other is located closer to the television. The couch is situated in the middle of the room, while the chairs are placed on either side of the couch.

In addition to the seating arrangement, there is a dining table in the room, which is located towards the right side of the space. The room also has a couple of books placed on the dining table, adding a touch of personalization to the living area.",1.0,1.0,0.9999999403953552,1.0,1.0,1.0,
45,2,"The image is a hand-drawn illustration of a living room, featuring a large flat-screen TV mounted on the wall. The room is furnished with a couch, a chair, and a coffee table. There are also two potted plants in the room, one near the couch and the other near the coffee table.

In addition to the main furniture, there are two remote controls placed on the coffee table, and a book is resting on the table as well. The overall atmosphere of the room is cozy and inviting.",0.8350887298583984,0.8350887298583984,0.9181618690490723,0.3116883116883117,0.8180242634315424,0.3333333333333333,
45,3,"The image is a cartoon-like drawing of a living room with a large flat-screen TV mounted on the wall. The room is filled with various potted plants, creating a lush and green atmosphere. There are at least nine potted plants in the room, with some placed near the TV and others scattered throughout the space.

A couch is situated in the room, providing a comfortable seating area. A coffee table is also present, with a cup placed on it. The living room appears to be a cozy and inviting space, perfect for relaxation and entertainment.",0.7280477285385132,0.9083832502365112,0.900236964225769,0.25842696629213485,0.9306759098786829,0.358974358974359,
46,1,"The image captures a man skillfully riding a wave on a surfboard. He is wearing a yellow shirt and appears to be enjoying the thrill of the sport. The surfer is positioned in the center of the scene, with the surfboard beneath him.

The wave is quite large, and the surfer is skillfully navigating it. The scene is set in a body of water, with the surfer being the main focus of the image.",1.0,1.0,0.9999999403953552,1.0,1.0,1.0,
46,2,"The image captures a man skillfully riding a yellow surfboard on a wave in the ocean. He is wearing a yellow shirt and black wetsuit, which adds to the vibrant scene. The surfer appears to be enjoying the ride and is smiling as he glides through the water.

The wave is quite large, providing an exciting experience for the surfer. The ocean's vastness and the surfer's enthusiasm create a dynamic and thrilling atmosphere.",0.9092320203781128,0.9092320203781128,0.9325626492500305,0.40625,1.0874035989717223,0.5925925925925926,
46,3,"The image captures a man in a black wetsuit skillfully riding a yellow surfboard on a wave. He is smiling and appears to be enjoying the thrill of the ride. The surfboard is positioned in the middle of the scene, with the man standing on it and maintaining his balance. The wave is visible in the background, adding to the excitement of the moment.",0.8878408670425415,0.9225082993507385,0.9332798719406128,0.45454545454545453,0.8946015424164524,0.48148148148148145,
47,1,"The image features a black cat sitting in front of a computer screen. The cat is positioned close to the screen, appearing to be curious about the content displayed on the monitor. The computer setup includes a keyboard and a mouse, both located near the cat. The scene captures the cat's attention as it gazes at the screen.",1.0,1.0,1.0,1.0,1.0,1.0,
47,2,"The image features a black cat sitting on a desk in front of a computer monitor. The cat appears to be staring at the monitor, possibly intrigued by the screen's content. The desk is equipped with a keyboard and a mouse, indicating that it is a workspace.

In the background, there are two people visible, one on the left side and the other on the right side of the image. Additionally, there is a TV mounted on the wall above the desk.",0.9193748831748962,0.9193748831748962,0.9163225293159485,0.3582089552238806,1.3415384615384616,0.4230769230769231,
47,3,"The image features a black cat sitting on a chair in a room with a desk. The desk is equipped with two computer monitors, a keyboard, and a mouse. There are also two potted plants in the room, one near the desk and the other further away.

In addition to the computer setup, there are several books scattered around the room, with some placed on the desk and others on the floor. A person can be seen in the background, partially visible and likely working or engaging in some activity in the room.",0.8249766826629639,0.8723285794258118,0.8914732933044434,0.23684210526315788,1.5323076923076924,0.34615384615384615,
48,1,"The image captures a lively scene of a group of people gathered around a ribbon-cutting ceremony. A man is cutting the ribbon with a pair of scissors, while a young girl stands next to him, watching the event unfold. The crowd consists of various individuals, some of whom are holding cell phones, possibly capturing the moment or communicating with others.

In the background, there are a few bicycles parked, and a handbag can be seen placed on the ground. The atmosphere appears to be joyful and celebratory, as the people come together to witness the ribbon-cutting ceremony.",1.0000001192092896,1.0,1.0,1.0,1.0,1.0,
48,2,"The image depicts a large group of people gathered together, with a man in a suit holding a blue ribbon. The crowd is composed of various individuals, some standing closer to the man with the ribbon, while others are positioned further away.

There are several handbags visible in the scene, with one near the center of the crowd, another towards the left side, and a third one closer to the right side. The gathering appears to be a celebration or an event where the man in the suit is the center of attention.",0.7379511594772339,0.7379511594772339,0.8959170579910278,0.30851063829787234,0.8825561312607945,0.35294117647058826,
48,3,"The image depicts a large crowd of people gathered in a public space, possibly a town square or a busy street. The crowd is diverse, with people of various ages and genders. Among the crowd, a man is holding a blue ribbon, possibly celebrating a special occasion or event.

There are several handbags visible in the scene, with one near the center of the crowd, another towards the right side, and a third one closer to the bottom right corner. The overall atmosphere of the scene is lively and bustling, with people engaged in conversations and activities.",0.7193878293037415,0.8686575293540955,0.8932366371154785,0.23529411764705882,0.9620034542314335,0.27450980392156865,
49,1,"The image features a large white and pink bus driving down a street. The bus is positioned in the middle of the scene, occupying a significant portion of the image. There are several people visible in the scene, with some standing near the bus and others further away.

In addition to the bus, there are two cars in the image, one located on the left side of the bus and the other on the right side. A traffic light can be seen in the background, indicating that the bus is driving in an urban environment.",1.0000001192092896,1.0,0.9999999403953552,1.0,1.0,1.0,
49,2,"The image depicts a large crowd of people gathered on a city street, with a pink bus driving down the middle of the road. The crowd is spread out along the street, with some people standing closer to the bus and others further away.

In addition to the bus, there are several cars and a truck visible on the street. A few cars are parked on the side of the road, while others are driving or parked in the middle of the street. A truck can be seen in the background, and a handbag is located near the center of the scene.

The overall atmosphere of the scene suggests a lively and bustling urban environment.",0.8332211971282959,0.8332211971282959,0.9270608425140381,0.5131578947368421,1.199604743083004,0.675,
49,3,"The image depicts a large crowd of people gathered on a city street, with a pink bus driving down the road. The crowd is dispersed throughout the scene, with some people standing closer to the bus, while others are further away.

In addition to the bus, there are several cars and a truck visible in the scene. A few cars are parked or driving on the street, while another car is located near the center of the image. A truck can be seen on the left side of the scene.

The overall atmosphere of the image suggests a busy urban environment with a mix of public transportation and private vehicles.",0.8519200682640076,0.966410756111145,0.9300941824913025,0.475,1.1798418972332017,0.65,
50,1,"The image features a man sitting on the floor in front of a large mirror. He is taking a picture of himself using his cell phone, capturing the moment. The man is wearing a green shirt and appears to be focused on the task at hand.

The room has a few other items in it, such as a chair located towards the right side of the image and a bottle placed on a surface in the background. Additionally, there is a clock on the wall, and a book can be seen resting on a surface nearby.",1.0000001192092896,1.0,0.9999999403953552,1.0,1.0,1.0,
50,2,"The image is a comic strip featuring a man taking a selfie in a mirror. He is kneeling down in front of the mirror, holding a cell phone to capture the moment. The room around him is cluttered with various items, including a chair, a handbag, and a backpack.

There are multiple cell phones in the scene, with one being held by the man taking the selfie and another one placed on the floor. Additionally, there are two bottles, one near the center of the room and the other one closer to the right side. A book can also be seen on the floor, near the right edge of the image.",0.7909424901008606,0.7909424901008606,0.9133619666099548,0.3333333333333333,1.202928870292887,0.4418604651162791,
50,3,"The image features a man sitting in a cluttered room, taking a selfie with his cell phone. He is smiling and appears to be enjoying the moment. The room is filled with various items, including a chair, a handbag, and a backpack. There are also multiple books scattered throughout the space, adding to the disarray.

In addition to the man, there are two other people in the room, one standing near the left side and the other on the right side. A bottle can be seen placed on a surface in the room, and a clock is mounted on the wall.",0.8003273010253906,0.7352065443992615,0.9195797443389893,0.375,1.1171548117154813,0.4883720930232558,
